id,skill_area,type,difficulty,question_text,image_url,options,correct_answer,explanation,marks
Q0001,data_interpretation,quiz,hard,Which region shows the lowest performance?,https://example.com/images/data_interpretation_1.png,"[""North"", ""South"", ""East"", ""West""]",East,Option East is correct based on data interpretation.,10
Q0002,data_interpretation,quiz,medium,What is the average value in the data set?,https://example.com/images/data_interpretation_2.png,"[""100"", ""150"", ""200"", ""250""]",200,Option 200 is correct based on data interpretation.,6
Q0003,data_interpretation,quiz,easy,Which month had the highest sales?,https://example.com/images/data_interpretation_3.png,"[""Jan"", ""Feb"", ""Mar"", ""Apr""]",Mar,Option Mar is correct based on data interpretation.,4
Q0004,pattern_recognition,visual_sequence,hard,What image completes the sequence?,https://example.com/images/pattern_recognition_4.png,"[""A"", ""B"", ""C"", ""D""]",C,Option C fits the pattern rule.,10
Q0005,critical_thinking,case_study,easy,Your project is behind schedule. How do you handle it?,,,subjective,Responses should reflect logical problem-solving and empathy.,4
Q0006,pattern_recognition,visual_sequence,hard,Choose the next shape in the pattern.,https://example.com/images/pattern_recognition_6.png,"[""Triangle"", ""Square"", ""Circle"", ""Star""]",Circle,Option Circle fits the pattern rule.,10
Q0007,pattern_recognition,visual_sequence,easy,What image completes the sequence?,https://example.com/images/pattern_recognition_7.png,"[""A"", ""B"", ""C"", ""D""]",C,Option C fits the pattern rule.,4
Q0008,pattern_recognition,visual_sequence,hard,Choose the next shape in the pattern.,https://example.com/images/pattern_recognition_8.png,"[""Triangle"", ""Square"", ""Circle"", ""Star""]",Circle,Option Circle fits the pattern rule.,10
Q0009,pattern_recognition,visual_sequence,hard,Select the correct rotated version.,https://example.com/images/pattern_recognition_9.png,"[""Left"", ""Right"", ""Upside-down"", ""Original""]",Right,Option Right fits the pattern rule.,10
Q0010,data_interpretation,quiz,hard,Which month had the highest sales?,https://example.com/images/data_interpretation_10.png,"[""Jan"", ""Feb"", ""Mar"", ""Apr""]",Mar,Option Mar is correct based on data interpretation.,10
Q0011,data_interpretation,quiz,medium,Which region shows the lowest performance?,https://example.com/images/data_interpretation_11.png,"[""North"", ""South"", ""East"", ""West""]",East,Option East is correct based on data interpretation.,6
Q0012,pattern_recognition,visual_sequence,easy,What image completes the sequence?,https://example.com/images/pattern_recognition_12.png,"[""A"", ""B"", ""C"", ""D""]",C,Option C fits the pattern rule.,4
Q0013,data_interpretation,quiz,medium,What is the average value in the data set?,https://example.com/images/data_interpretation_13.png,"[""100"", ""150"", ""200"", ""250""]",200,Option 200 is correct based on data interpretation.,6
Q0014,pattern_recognition,visual_sequence,hard,Select the correct rotated version.,https://example.com/images/pattern_recognition_14.png,"[""Left"", ""Right"", ""Upside-down"", ""Original""]",Right,Option Right fits the pattern rule.,10
Q0015,pattern_recognition,visual_sequence,medium,Choose the next shape in the pattern.,https://example.com/images/pattern_recognition_15.png,"[""Triangle"", ""Square"", ""Circle"", ""Star""]",Circle,Option Circle fits the pattern rule.,6
Q0016,data_interpretation,quiz,easy,Which month had the highest sales?,https://example.com/images/data_interpretation_16.png,"[""Jan"", ""Feb"", ""Mar"", ""Apr""]",Mar,Option Mar is correct based on data interpretation.,4
Q0017,pattern_recognition,visual_sequence,hard,Select the correct rotated version.,https://example.com/images/pattern_recognition_17.png,"[""Left"", ""Right"", ""Upside-down"", ""Original""]",Right,Option Right fits the pattern rule.,10
Q0018,pattern_recognition,visual_sequence,easy,What image completes the sequence?,https://example.com/images/pattern_recognition_18.png,"[""A"", ""B"", ""C"", ""D""]",C,Option C fits the pattern rule.,4
Q0019,pattern_recognition,visual_sequence,medium,What image completes the sequence?,https://example.com/images/pattern_recognition_19.png,"[""A"", ""B"", ""C"", ""D""]",C,Option C fits the pattern rule.,6
Q0020,data_interpretation,quiz,medium,Which month had the highest sales?,https://example.com/images/data_interpretation_20.png,"[""Jan"", ""Feb"", ""Mar"", ""Apr""]",Mar,Option Mar is correct based on data interpretation.,6
Q0021,critical_thinking,case_study,easy,Your project is behind schedule. How do you handle it?,,,subjective,Responses should reflect logical problem-solving and empathy.,4
Q0022,pattern_recognition,visual_sequence,hard,Choose the next shape in the pattern.,https://example.com/images/pattern_recognition_22.png,"[""Triangle"", ""Square"", ""Circle"", ""Star""]",Circle,Option Circle fits the pattern rule.,10
Q0023,pattern_recognition,visual_sequence,hard,What image completes the sequence?,https://example.com/images/pattern_recognition_23.png,"[""A"", ""B"", ""C"", ""D""]",C,Option C fits the pattern rule.,10
Q0024,pattern_recognition,visual_sequence,hard,Choose the next shape in the pattern.,https://example.com/images/pattern_recognition_24.png,"[""Triangle"", ""Square"", ""Circle"", ""Star""]",Circle,Option Circle fits the pattern rule.,10
Q0025,pattern_recognition,visual_sequence,easy,What image completes the sequence?,https://example.com/images/pattern_recognition_25.png,"[""A"", ""B"", ""C"", ""D""]",C,Option C fits the pattern rule.,4
Q0026,critical_thinking,case_study,hard,A team member is disengaged. How do you respond?,,,subjective,Responses should reflect logical problem-solving and empathy.,10
Q0027,pattern_recognition,visual_sequence,easy,Select the correct rotated version.,https://example.com/images/pattern_recognition_27.png,"[""Left"", ""Right"", ""Upside-down"", ""Original""]",Right,Option Right fits the pattern rule.,4
Q0028,data_interpretation,quiz,medium,Which region shows the lowest performance?,https://example.com/images/data_interpretation_28.png,"[""North"", ""South"", ""East"", ""West""]",East,Option East is correct based on data interpretation.,6
Q0029,data_interpretation,quiz,hard,Which month had the highest sales?,https://example.com/images/data_interpretation_29.png,"[""Jan"", ""Feb"", ""Mar"", ""Apr""]",Mar,Option Mar is correct based on data interpretation.,10
Q0030,data_interpretation,quiz,hard,Which region shows the lowest performance?,https://example.com/images/data_interpretation_30.png,"[""North"", ""South"", ""East"", ""West""]",East,Option East is correct based on data interpretation.,10
Q0031,pattern_recognition,visual_sequence,medium,What image completes the sequence?,https://example.com/images/pattern_recognition_31.png,"[""A"", ""B"", ""C"", ""D""]",C,Option C fits the pattern rule.,6
Q0032,pattern_recognition,visual_sequence,hard,What image completes the sequence?,https://example.com/images/pattern_recognition_32.png,"[""A"", ""B"", ""C"", ""D""]",C,Option C fits the pattern rule.,10
Q0033,data_interpretation,quiz,hard,What is the average value in the data set?,https://example.com/images/data_interpretation_33.png,"[""100"", ""150"", ""200"", ""250""]",200,Option 200 is correct based on data interpretation.,10
Q0034,data_interpretation,quiz,hard,Which region shows the lowest performance?,https://example.com/images/data_interpretation_34.png,"[""North"", ""South"", ""East"", ""West""]",East,Option East is correct based on data interpretation.,10
Q0035,data_interpretation,quiz,easy,What is the average value in the data set?,https://example.com/images/data_interpretation_35.png,"[""100"", ""150"", ""200"", ""250""]",200,Option 200 is correct based on data interpretation.,4
Q0036,critical_thinking,case_study,easy,A client gives contradictory feedback. What do you do?,,,subjective,Responses should reflect logical problem-solving and empathy.,4
Q0037,critical_thinking,case_study,easy,Your project is behind schedule. How do you handle it?,,,subjective,Responses should reflect logical problem-solving and empathy.,4
Q0038,data_interpretation,quiz,easy,Which month had the highest sales?,https://example.com/images/data_interpretation_38.png,"[""Jan"", ""Feb"", ""Mar"", ""Apr""]",Mar,Option Mar is correct based on data interpretation.,4
Q0039,critical_thinking,case_study,hard,A client gives contradictory feedback. What do you do?,,,subjective,Responses should reflect logical problem-solving and empathy.,10
Q0040,data_interpretation,quiz,hard,Which month had the highest sales?,https://example.com/images/data_interpretation_40.png,"[""Jan"", ""Feb"", ""Mar"", ""Apr""]",Mar,Option Mar is correct based on data interpretation.,10
Q0041,data_interpretation,quiz,hard,Which region shows the lowest performance?,https://example.com/images/data_interpretation_41.png,"[""North"", ""South"", ""East"", ""West""]",East,Option East is correct based on data interpretation.,10
Q0042,pattern_recognition,visual_sequence,hard,What image completes the sequence?,https://example.com/images/pattern_recognition_42.png,"[""A"", ""B"", ""C"", ""D""]",C,Option C fits the pattern rule.,10
Q0043,critical_thinking,case_study,easy,Your project is behind schedule. How do you handle it?,,,subjective,Responses should reflect logical problem-solving and empathy.,4
Q0044,critical_thinking,case_study,medium,A team member is disengaged. How do you respond?,,,subjective,Responses should reflect logical problem-solving and empathy.,6
Q0045,pattern_recognition,visual_sequence,easy,Choose the next shape in the pattern.,https://example.com/images/pattern_recognition_45.png,"[""Triangle"", ""Square"", ""Circle"", ""Star""]",Circle,Option Circle fits the pattern rule.,4
Q0046,critical_thinking,case_study,easy,A team member is disengaged. How do you respond?,,,subjective,Responses should reflect logical problem-solving and empathy.,4
Q0047,data_interpretation,quiz,hard,Which month had the highest sales?,https://example.com/images/data_interpretation_47.png,"[""Jan"", ""Feb"", ""Mar"", ""Apr""]",Mar,Option Mar is correct based on data interpretation.,10
Q0048,critical_thinking,case_study,hard,A client gives contradictory feedback. What do you do?,,,subjective,Responses should reflect logical problem-solving and empathy.,10
Q0049,critical_thinking,case_study,easy,A team member is disengaged. How do you respond?,,,subjective,Responses should reflect logical problem-solving and empathy.,4
Q0050,critical_thinking,case_study,easy,Your project is behind schedule. How do you handle it?,,,subjective,Responses should reflect logical problem-solving and empathy.,4
Q0051,pattern_recognition,visual_sequence,medium,What image completes the sequence?,https://example.com/images/pattern_recognition_51.png,"[""A"", ""B"", ""C"", ""D""]",C,Option C fits the pattern rule.,6
Q0052,data_interpretation,quiz,hard,Which month had the highest sales?,https://example.com/images/data_interpretation_52.png,"[""Jan"", ""Feb"", ""Mar"", ""Apr""]",Mar,Option Mar is correct based on data interpretation.,10
Q0053,critical_thinking,case_study,easy,A team member is disengaged. How do you respond?,,,subjective,Responses should reflect logical problem-solving and empathy.,4
Q0054,critical_thinking,case_study,medium,A team member is disengaged. How do you respond?,,,subjective,Responses should reflect logical problem-solving and empathy.,6
Q0055,critical_thinking,case_study,medium,A team member is disengaged. How do you respond?,,,subjective,Responses should reflect logical problem-solving and empathy.,6
Q0056,data_interpretation,quiz,medium,Which month had the highest sales?,https://example.com/images/data_interpretation_56.png,"[""Jan"", ""Feb"", ""Mar"", ""Apr""]",Mar,Option Mar is correct based on data interpretation.,6
Q0057,data_interpretation,quiz,easy,What is the average value in the data set?,https://example.com/images/data_interpretation_57.png,"[""100"", ""150"", ""200"", ""250""]",200,Option 200 is correct based on data interpretation.,4
Q0058,pattern_recognition,visual_sequence,hard,Choose the next shape in the pattern.,https://example.com/images/pattern_recognition_58.png,"[""Triangle"", ""Square"", ""Circle"", ""Star""]",Circle,Option Circle fits the pattern rule.,10
Q0059,pattern_recognition,visual_sequence,easy,What image completes the sequence?,https://example.com/images/pattern_recognition_59.png,"[""A"", ""B"", ""C"", ""D""]",C,Option C fits the pattern rule.,4
Q0060,data_interpretation,quiz,medium,Which region shows the lowest performance?,https://example.com/images/data_interpretation_60.png,"[""North"", ""South"", ""East"", ""West""]",East,Option East is correct based on data interpretation.,6
Q0061,critical_thinking,case_study,easy,A team member is disengaged. How do you respond?,,,subjective,Responses should reflect logical problem-solving and empathy.,4
Q0062,critical_thinking,case_study,medium,Your project is behind schedule. How do you handle it?,,,subjective,Responses should reflect logical problem-solving and empathy.,6
Q0063,data_interpretation,quiz,medium,Which region shows the lowest performance?,https://example.com/images/data_interpretation_63.png,"[""North"", ""South"", ""East"", ""West""]",East,Option East is correct based on data interpretation.,6
Q0064,data_interpretation,quiz,medium,Which region shows the lowest performance?,https://example.com/images/data_interpretation_64.png,"[""North"", ""South"", ""East"", ""West""]",East,Option East is correct based on data interpretation.,6
Q0065,pattern_recognition,visual_sequence,medium,Choose the next shape in the pattern.,https://example.com/images/pattern_recognition_65.png,"[""Triangle"", ""Square"", ""Circle"", ""Star""]",Circle,Option Circle fits the pattern rule.,6
Q0066,pattern_recognition,visual_sequence,easy,What image completes the sequence?,https://example.com/images/pattern_recognition_66.png,"[""A"", ""B"", ""C"", ""D""]",C,Option C fits the pattern rule.,4
Q0067,critical_thinking,case_study,easy,Your project is behind schedule. How do you handle it?,,,subjective,Responses should reflect logical problem-solving and empathy.,4
Q0068,data_interpretation,quiz,hard,What is the average value in the data set?,https://example.com/images/data_interpretation_68.png,"[""100"", ""150"", ""200"", ""250""]",200,Option 200 is correct based on data interpretation.,10
Q0069,pattern_recognition,visual_sequence,easy,What image completes the sequence?,https://example.com/images/pattern_recognition_69.png,"[""A"", ""B"", ""C"", ""D""]",C,Option C fits the pattern rule.,4
Q0070,critical_thinking,case_study,hard,A client gives contradictory feedback. What do you do?,,,subjective,Responses should reflect logical problem-solving and empathy.,10
Q0071,pattern_recognition,visual_sequence,medium,What image completes the sequence?,https://example.com/images/pattern_recognition_71.png,"[""A"", ""B"", ""C"", ""D""]",C,Option C fits the pattern rule.,6
Q0072,pattern_recognition,visual_sequence,hard,Select the correct rotated version.,https://example.com/images/pattern_recognition_72.png,"[""Left"", ""Right"", ""Upside-down"", ""Original""]",Right,Option Right fits the pattern rule.,10
Q0073,pattern_recognition,visual_sequence,hard,Select the correct rotated version.,https://example.com/images/pattern_recognition_73.png,"[""Left"", ""Right"", ""Upside-down"", ""Original""]",Right,Option Right fits the pattern rule.,10
Q0074,pattern_recognition,visual_sequence,hard,Choose the next shape in the pattern.,https://example.com/images/pattern_recognition_74.png,"[""Triangle"", ""Square"", ""Circle"", ""Star""]",Circle,Option Circle fits the pattern rule.,10
Q0075,critical_thinking,case_study,easy,Your project is behind schedule. How do you handle it?,,,subjective,Responses should reflect logical problem-solving and empathy.,4
Q0076,critical_thinking,case_study,easy,A team member is disengaged. How do you respond?,,,subjective,Responses should reflect logical problem-solving and empathy.,4
Q0077,pattern_recognition,visual_sequence,easy,Select the correct rotated version.,https://example.com/images/pattern_recognition_77.png,"[""Left"", ""Right"", ""Upside-down"", ""Original""]",Right,Option Right fits the pattern rule.,4
Q0078,critical_thinking,case_study,medium,A team member is disengaged. How do you respond?,,,subjective,Responses should reflect logical problem-solving and empathy.,6
Q0079,data_interpretation,quiz,hard,Which region shows the lowest performance?,https://example.com/images/data_interpretation_79.png,"[""North"", ""South"", ""East"", ""West""]",East,Option East is correct based on data interpretation.,10
Q0080,critical_thinking,case_study,medium,A team member is disengaged. How do you respond?,,,subjective,Responses should reflect logical problem-solving and empathy.,6
Q0081,data_interpretation,quiz,hard,Which region shows the lowest performance?,https://example.com/images/data_interpretation_81.png,"[""North"", ""South"", ""East"", ""West""]",East,Option East is correct based on data interpretation.,10
Q0082,pattern_recognition,visual_sequence,medium,Select the correct rotated version.,https://example.com/images/pattern_recognition_82.png,"[""Left"", ""Right"", ""Upside-down"", ""Original""]",Right,Option Right fits the pattern rule.,6
Q0083,pattern_recognition,visual_sequence,easy,Select the correct rotated version.,https://example.com/images/pattern_recognition_83.png,"[""Left"", ""Right"", ""Upside-down"", ""Original""]",Right,Option Right fits the pattern rule.,4
Q0084,pattern_recognition,visual_sequence,medium,What image completes the sequence?,https://example.com/images/pattern_recognition_84.png,"[""A"", ""B"", ""C"", ""D""]",C,Option C fits the pattern rule.,6
Q0085,critical_thinking,case_study,medium,A client gives contradictory feedback. What do you do?,,,subjective,Responses should reflect logical problem-solving and empathy.,6
Q0086,pattern_recognition,visual_sequence,medium,Choose the next shape in the pattern.,https://example.com/images/pattern_recognition_86.png,"[""Triangle"", ""Square"", ""Circle"", ""Star""]",Circle,Option Circle fits the pattern rule.,6
Q0087,critical_thinking,case_study,medium,A team member is disengaged. How do you respond?,,,subjective,Responses should reflect logical problem-solving and empathy.,6
Q0088,critical_thinking,case_study,easy,A client gives contradictory feedback. What do you do?,,,subjective,Responses should reflect logical problem-solving and empathy.,4
Q0089,critical_thinking,case_study,medium,A client gives contradictory feedback. What do you do?,,,subjective,Responses should reflect logical problem-solving and empathy.,6
Q0090,data_interpretation,quiz,hard,Which region shows the lowest performance?,https://example.com/images/data_interpretation_90.png,"[""North"", ""South"", ""East"", ""West""]",East,Option East is correct based on data interpretation.,10
Q0091,pattern_recognition,visual_sequence,medium,Choose the next shape in the pattern.,https://example.com/images/pattern_recognition_91.png,"[""Triangle"", ""Square"", ""Circle"", ""Star""]",Circle,Option Circle fits the pattern rule.,6
Q0092,data_interpretation,quiz,easy,Which month had the highest sales?,https://example.com/images/data_interpretation_92.png,"[""Jan"", ""Feb"", ""Mar"", ""Apr""]",Mar,Option Mar is correct based on data interpretation.,4
Q0093,critical_thinking,case_study,easy,A client gives contradictory feedback. What do you do?,,,subjective,Responses should reflect logical problem-solving and empathy.,4
Q0094,data_interpretation,quiz,medium,Which region shows the lowest performance?,https://example.com/images/data_interpretation_94.png,"[""North"", ""South"", ""East"", ""West""]",East,Option East is correct based on data interpretation.,6
Q0095,data_interpretation,quiz,hard,Which region shows the lowest performance?,https://example.com/images/data_interpretation_95.png,"[""North"", ""South"", ""East"", ""West""]",East,Option East is correct based on data interpretation.,10
Q0096,data_interpretation,quiz,hard,Which region shows the lowest performance?,https://example.com/images/data_interpretation_96.png,"[""North"", ""South"", ""East"", ""West""]",East,Option East is correct based on data interpretation.,10
Q0097,pattern_recognition,visual_sequence,hard,What image completes the sequence?,https://example.com/images/pattern_recognition_97.png,"[""A"", ""B"", ""C"", ""D""]",C,Option C fits the pattern rule.,10
Q0098,pattern_recognition,visual_sequence,hard,What image completes the sequence?,https://example.com/images/pattern_recognition_98.png,"[""A"", ""B"", ""C"", ""D""]",C,Option C fits the pattern rule.,10
Q0099,data_interpretation,quiz,hard,What is the average value in the data set?,https://example.com/images/data_interpretation_99.png,"[""100"", ""150"", ""200"", ""250""]",200,Option 200 is correct based on data interpretation.,10
Q0100,pattern_recognition,visual_sequence,medium,What image completes the sequence?,https://example.com/images/pattern_recognition_100.png,"[""A"", ""B"", ""C"", ""D""]",C,Option C fits the pattern rule.,6
Q0101,data_interpretation,quiz,hard,What is the average value in the data set?,https://example.com/images/data_interpretation_101.png,"[""100"", ""150"", ""200"", ""250""]",200,Option 200 is correct based on data interpretation.,10
Q0102,critical_thinking,case_study,medium,A team member is disengaged. How do you respond?,,,subjective,Responses should reflect logical problem-solving and empathy.,6
Q0103,pattern_recognition,visual_sequence,easy,What image completes the sequence?,https://example.com/images/pattern_recognition_103.png,"[""A"", ""B"", ""C"", ""D""]",C,Option C fits the pattern rule.,4
Q0104,pattern_recognition,visual_sequence,medium,Choose the next shape in the pattern.,https://example.com/images/pattern_recognition_104.png,"[""Triangle"", ""Square"", ""Circle"", ""Star""]",Circle,Option Circle fits the pattern rule.,6
Q0105,critical_thinking,case_study,medium,Your project is behind schedule. How do you handle it?,,,subjective,Responses should reflect logical problem-solving and empathy.,6
Q0106,critical_thinking,case_study,easy,Your project is behind schedule. How do you handle it?,,,subjective,Responses should reflect logical problem-solving and empathy.,4
Q0107,pattern_recognition,visual_sequence,hard,Choose the next shape in the pattern.,https://example.com/images/pattern_recognition_107.png,"[""Triangle"", ""Square"", ""Circle"", ""Star""]",Circle,Option Circle fits the pattern rule.,10
Q0108,data_interpretation,quiz,easy,Which month had the highest sales?,https://example.com/images/data_interpretation_108.png,"[""Jan"", ""Feb"", ""Mar"", ""Apr""]",Mar,Option Mar is correct based on data interpretation.,4
Q0109,pattern_recognition,visual_sequence,medium,Select the correct rotated version.,https://example.com/images/pattern_recognition_109.png,"[""Left"", ""Right"", ""Upside-down"", ""Original""]",Right,Option Right fits the pattern rule.,6
Q0110,pattern_recognition,visual_sequence,hard,Choose the next shape in the pattern.,https://example.com/images/pattern_recognition_110.png,"[""Triangle"", ""Square"", ""Circle"", ""Star""]",Circle,Option Circle fits the pattern rule.,10
Q0111,critical_thinking,case_study,easy,Your project is behind schedule. How do you handle it?,,,subjective,Responses should reflect logical problem-solving and empathy.,4
Q0112,critical_thinking,case_study,easy,A team member is disengaged. How do you respond?,,,subjective,Responses should reflect logical problem-solving and empathy.,4
Q0113,data_interpretation,quiz,easy,What is the average value in the data set?,https://example.com/images/data_interpretation_113.png,"[""100"", ""150"", ""200"", ""250""]",200,Option 200 is correct based on data interpretation.,4
Q0114,pattern_recognition,visual_sequence,hard,Choose the next shape in the pattern.,https://example.com/images/pattern_recognition_114.png,"[""Triangle"", ""Square"", ""Circle"", ""Star""]",Circle,Option Circle fits the pattern rule.,10
Q0115,critical_thinking,case_study,easy,Your project is behind schedule. How do you handle it?,,,subjective,Responses should reflect logical problem-solving and empathy.,4
Q0116,critical_thinking,case_study,medium,Your project is behind schedule. How do you handle it?,,,subjective,Responses should reflect logical problem-solving and empathy.,6
Q0117,data_interpretation,quiz,hard,What is the average value in the data set?,https://example.com/images/data_interpretation_117.png,"[""100"", ""150"", ""200"", ""250""]",200,Option 200 is correct based on data interpretation.,10
Q0118,data_interpretation,quiz,hard,What is the average value in the data set?,https://example.com/images/data_interpretation_118.png,"[""100"", ""150"", ""200"", ""250""]",200,Option 200 is correct based on data interpretation.,10
Q0119,pattern_recognition,visual_sequence,hard,Select the correct rotated version.,https://example.com/images/pattern_recognition_119.png,"[""Left"", ""Right"", ""Upside-down"", ""Original""]",Right,Option Right fits the pattern rule.,10
Q0120,data_interpretation,quiz,hard,Which region shows the lowest performance?,https://example.com/images/data_interpretation_120.png,"[""North"", ""South"", ""East"", ""West""]",East,Option East is correct based on data interpretation.,10
Q0121,critical_thinking,case_study,hard,Your project is behind schedule. How do you handle it?,,,subjective,Responses should reflect logical problem-solving and empathy.,10
Q0122,data_interpretation,quiz,medium,What is the average value in the data set?,https://example.com/images/data_interpretation_122.png,"[""100"", ""150"", ""200"", ""250""]",200,Option 200 is correct based on data interpretation.,6
Q0123,data_interpretation,quiz,hard,What is the average value in the data set?,https://example.com/images/data_interpretation_123.png,"[""100"", ""150"", ""200"", ""250""]",200,Option 200 is correct based on data interpretation.,10
Q0124,critical_thinking,case_study,hard,A client gives contradictory feedback. What do you do?,,,subjective,Responses should reflect logical problem-solving and empathy.,10
Q0125,pattern_recognition,visual_sequence,hard,Select the correct rotated version.,https://example.com/images/pattern_recognition_125.png,"[""Left"", ""Right"", ""Upside-down"", ""Original""]",Right,Option Right fits the pattern rule.,10
Q0126,pattern_recognition,visual_sequence,easy,Select the correct rotated version.,https://example.com/images/pattern_recognition_126.png,"[""Left"", ""Right"", ""Upside-down"", ""Original""]",Right,Option Right fits the pattern rule.,4
Q0127,critical_thinking,case_study,hard,A client gives contradictory feedback. What do you do?,,,subjective,Responses should reflect logical problem-solving and empathy.,10
Q0128,pattern_recognition,visual_sequence,hard,What image completes the sequence?,https://example.com/images/pattern_recognition_128.png,"[""A"", ""B"", ""C"", ""D""]",C,Option C fits the pattern rule.,10
Q0129,data_interpretation,quiz,medium,What is the average value in the data set?,https://example.com/images/data_interpretation_129.png,"[""100"", ""150"", ""200"", ""250""]",200,Option 200 is correct based on data interpretation.,6
Q0130,pattern_recognition,visual_sequence,hard,Select the correct rotated version.,https://example.com/images/pattern_recognition_130.png,"[""Left"", ""Right"", ""Upside-down"", ""Original""]",Right,Option Right fits the pattern rule.,10
Q0131,critical_thinking,case_study,medium,A team member is disengaged. How do you respond?,,,subjective,Responses should reflect logical problem-solving and empathy.,6
Q0132,critical_thinking,case_study,easy,A team member is disengaged. How do you respond?,,,subjective,Responses should reflect logical problem-solving and empathy.,4
Q0133,critical_thinking,case_study,hard,A client gives contradictory feedback. What do you do?,,,subjective,Responses should reflect logical problem-solving and empathy.,10
Q0134,data_interpretation,quiz,medium,Which region shows the lowest performance?,https://example.com/images/data_interpretation_134.png,"[""North"", ""South"", ""East"", ""West""]",East,Option East is correct based on data interpretation.,6
Q0135,pattern_recognition,visual_sequence,easy,What image completes the sequence?,https://example.com/images/pattern_recognition_135.png,"[""A"", ""B"", ""C"", ""D""]",C,Option C fits the pattern rule.,4
Q0136,critical_thinking,case_study,medium,Your project is behind schedule. How do you handle it?,,,subjective,Responses should reflect logical problem-solving and empathy.,6
Q0137,critical_thinking,case_study,easy,A client gives contradictory feedback. What do you do?,,,subjective,Responses should reflect logical problem-solving and empathy.,4
Q0138,pattern_recognition,visual_sequence,easy,Select the correct rotated version.,https://example.com/images/pattern_recognition_138.png,"[""Left"", ""Right"", ""Upside-down"", ""Original""]",Right,Option Right fits the pattern rule.,4
Q0139,data_interpretation,quiz,hard,Which region shows the lowest performance?,https://example.com/images/data_interpretation_139.png,"[""North"", ""South"", ""East"", ""West""]",East,Option East is correct based on data interpretation.,10
Q0140,critical_thinking,case_study,medium,A client gives contradictory feedback. What do you do?,,,subjective,Responses should reflect logical problem-solving and empathy.,6
Q0141,critical_thinking,case_study,medium,A team member is disengaged. How do you respond?,,,subjective,Responses should reflect logical problem-solving and empathy.,6
Q0142,pattern_recognition,visual_sequence,medium,Choose the next shape in the pattern.,https://example.com/images/pattern_recognition_142.png,"[""Triangle"", ""Square"", ""Circle"", ""Star""]",Circle,Option Circle fits the pattern rule.,6
Q0143,critical_thinking,case_study,medium,A team member is disengaged. How do you respond?,,,subjective,Responses should reflect logical problem-solving and empathy.,6
Q0144,pattern_recognition,visual_sequence,hard,Choose the next shape in the pattern.,https://example.com/images/pattern_recognition_144.png,"[""Triangle"", ""Square"", ""Circle"", ""Star""]",Circle,Option Circle fits the pattern rule.,10
Q0145,critical_thinking,case_study,medium,A client gives contradictory feedback. What do you do?,,,subjective,Responses should reflect logical problem-solving and empathy.,6
Q0146,critical_thinking,case_study,easy,A client gives contradictory feedback. What do you do?,,,subjective,Responses should reflect logical problem-solving and empathy.,4
Q0147,data_interpretation,quiz,easy,Which month had the highest sales?,https://example.com/images/data_interpretation_147.png,"[""Jan"", ""Feb"", ""Mar"", ""Apr""]",Mar,Option Mar is correct based on data interpretation.,4
Q0148,data_interpretation,quiz,medium,Which month had the highest sales?,https://example.com/images/data_interpretation_148.png,"[""Jan"", ""Feb"", ""Mar"", ""Apr""]",Mar,Option Mar is correct based on data interpretation.,6
Q0149,critical_thinking,case_study,medium,A team member is disengaged. How do you respond?,,,subjective,Responses should reflect logical problem-solving and empathy.,6
Q0150,pattern_recognition,visual_sequence,medium,Choose the next shape in the pattern.,https://example.com/images/pattern_recognition_150.png,"[""Triangle"", ""Square"", ""Circle"", ""Star""]",Circle,Option Circle fits the pattern rule.,6
Q0151,critical_thinking,case_study,hard,Your project is behind schedule. How do you handle it?,,,subjective,Responses should reflect logical problem-solving and empathy.,10
Q0152,data_interpretation,quiz,easy,Which region shows the lowest performance?,https://example.com/images/data_interpretation_152.png,"[""North"", ""South"", ""East"", ""West""]",East,Option East is correct based on data interpretation.,4
Q0153,critical_thinking,case_study,medium,A client gives contradictory feedback. What do you do?,,,subjective,Responses should reflect logical problem-solving and empathy.,6
Q0154,critical_thinking,case_study,easy,A team member is disengaged. How do you respond?,,,subjective,Responses should reflect logical problem-solving and empathy.,4
Q0155,data_interpretation,quiz,medium,Which region shows the lowest performance?,https://example.com/images/data_interpretation_155.png,"[""North"", ""South"", ""East"", ""West""]",East,Option East is correct based on data interpretation.,6
Q0156,critical_thinking,case_study,medium,A client gives contradictory feedback. What do you do?,,,subjective,Responses should reflect logical problem-solving and empathy.,6
Q0157,critical_thinking,case_study,medium,A client gives contradictory feedback. What do you do?,,,subjective,Responses should reflect logical problem-solving and empathy.,6
Q0158,pattern_recognition,visual_sequence,easy,Select the correct rotated version.,https://example.com/images/pattern_recognition_158.png,"[""Left"", ""Right"", ""Upside-down"", ""Original""]",Right,Option Right fits the pattern rule.,4
Q0159,critical_thinking,case_study,easy,A client gives contradictory feedback. What do you do?,,,subjective,Responses should reflect logical problem-solving and empathy.,4
Q0160,data_interpretation,quiz,hard,Which month had the highest sales?,https://example.com/images/data_interpretation_160.png,"[""Jan"", ""Feb"", ""Mar"", ""Apr""]",Mar,Option Mar is correct based on data interpretation.,10
Q0161,critical_thinking,case_study,easy,Your project is behind schedule. How do you handle it?,,,subjective,Responses should reflect logical problem-solving and empathy.,4
Q0162,critical_thinking,case_study,hard,A client gives contradictory feedback. What do you do?,,,subjective,Responses should reflect logical problem-solving and empathy.,10
Q0163,critical_thinking,case_study,hard,A team member is disengaged. How do you respond?,,,subjective,Responses should reflect logical problem-solving and empathy.,10
Q0164,data_interpretation,quiz,hard,What is the average value in the data set?,https://example.com/images/data_interpretation_164.png,"[""100"", ""150"", ""200"", ""250""]",200,Option 200 is correct based on data interpretation.,10
Q0165,critical_thinking,case_study,easy,A team member is disengaged. How do you respond?,,,subjective,Responses should reflect logical problem-solving and empathy.,4
Q0166,data_interpretation,quiz,easy,Which region shows the lowest performance?,https://example.com/images/data_interpretation_166.png,"[""North"", ""South"", ""East"", ""West""]",East,Option East is correct based on data interpretation.,4
Q0167,data_interpretation,quiz,medium,Which region shows the lowest performance?,https://example.com/images/data_interpretation_167.png,"[""North"", ""South"", ""East"", ""West""]",East,Option East is correct based on data interpretation.,6
Q0168,critical_thinking,case_study,easy,A team member is disengaged. How do you respond?,,,subjective,Responses should reflect logical problem-solving and empathy.,4
Q0169,critical_thinking,case_study,easy,A client gives contradictory feedback. What do you do?,,,subjective,Responses should reflect logical problem-solving and empathy.,4
Q0170,pattern_recognition,visual_sequence,medium,What image completes the sequence?,https://example.com/images/pattern_recognition_170.png,"[""A"", ""B"", ""C"", ""D""]",C,Option C fits the pattern rule.,6
Q0171,pattern_recognition,visual_sequence,hard,Select the correct rotated version.,https://example.com/images/pattern_recognition_171.png,"[""Left"", ""Right"", ""Upside-down"", ""Original""]",Right,Option Right fits the pattern rule.,10
Q0172,critical_thinking,case_study,easy,A client gives contradictory feedback. What do you do?,,,subjective,Responses should reflect logical problem-solving and empathy.,4
Q0173,pattern_recognition,visual_sequence,medium,What image completes the sequence?,https://example.com/images/pattern_recognition_173.png,"[""A"", ""B"", ""C"", ""D""]",C,Option C fits the pattern rule.,6
Q0174,pattern_recognition,visual_sequence,medium,What image completes the sequence?,https://example.com/images/pattern_recognition_174.png,"[""A"", ""B"", ""C"", ""D""]",C,Option C fits the pattern rule.,6
Q0175,data_interpretation,quiz,hard,What is the average value in the data set?,https://example.com/images/data_interpretation_175.png,"[""100"", ""150"", ""200"", ""250""]",200,Option 200 is correct based on data interpretation.,10
Q0176,data_interpretation,quiz,medium,Which month had the highest sales?,https://example.com/images/data_interpretation_176.png,"[""Jan"", ""Feb"", ""Mar"", ""Apr""]",Mar,Option Mar is correct based on data interpretation.,6
Q0177,data_interpretation,quiz,medium,Which region shows the lowest performance?,https://example.com/images/data_interpretation_177.png,"[""North"", ""South"", ""East"", ""West""]",East,Option East is correct based on data interpretation.,6
Q0178,critical_thinking,case_study,hard,A client gives contradictory feedback. What do you do?,,,subjective,Responses should reflect logical problem-solving and empathy.,10
Q0179,pattern_recognition,visual_sequence,medium,Select the correct rotated version.,https://example.com/images/pattern_recognition_179.png,"[""Left"", ""Right"", ""Upside-down"", ""Original""]",Right,Option Right fits the pattern rule.,6
Q0180,critical_thinking,case_study,easy,Your project is behind schedule. How do you handle it?,,,subjective,Responses should reflect logical problem-solving and empathy.,4
Q0181,data_interpretation,quiz,hard,Which region shows the lowest performance?,https://example.com/images/data_interpretation_181.png,"[""North"", ""South"", ""East"", ""West""]",East,Option East is correct based on data interpretation.,10
Q0182,pattern_recognition,visual_sequence,hard,Choose the next shape in the pattern.,https://example.com/images/pattern_recognition_182.png,"[""Triangle"", ""Square"", ""Circle"", ""Star""]",Circle,Option Circle fits the pattern rule.,10
Q0183,pattern_recognition,visual_sequence,easy,What image completes the sequence?,https://example.com/images/pattern_recognition_183.png,"[""A"", ""B"", ""C"", ""D""]",C,Option C fits the pattern rule.,4
Q0184,data_interpretation,quiz,easy,What is the average value in the data set?,https://example.com/images/data_interpretation_184.png,"[""100"", ""150"", ""200"", ""250""]",200,Option 200 is correct based on data interpretation.,4
Q0185,pattern_recognition,visual_sequence,medium,What image completes the sequence?,https://example.com/images/pattern_recognition_185.png,"[""A"", ""B"", ""C"", ""D""]",C,Option C fits the pattern rule.,6
Q0186,data_interpretation,quiz,hard,Which region shows the lowest performance?,https://example.com/images/data_interpretation_186.png,"[""North"", ""South"", ""East"", ""West""]",East,Option East is correct based on data interpretation.,10
Q0187,data_interpretation,quiz,medium,Which region shows the lowest performance?,https://example.com/images/data_interpretation_187.png,"[""North"", ""South"", ""East"", ""West""]",East,Option East is correct based on data interpretation.,6
Q0188,data_interpretation,quiz,medium,Which month had the highest sales?,https://example.com/images/data_interpretation_188.png,"[""Jan"", ""Feb"", ""Mar"", ""Apr""]",Mar,Option Mar is correct based on data interpretation.,6
Q0189,critical_thinking,case_study,hard,Your project is behind schedule. How do you handle it?,,,subjective,Responses should reflect logical problem-solving and empathy.,10
Q0190,data_interpretation,quiz,medium,Which region shows the lowest performance?,https://example.com/images/data_interpretation_190.png,"[""North"", ""South"", ""East"", ""West""]",East,Option East is correct based on data interpretation.,6
Q0191,critical_thinking,case_study,medium,A client gives contradictory feedback. What do you do?,,,subjective,Responses should reflect logical problem-solving and empathy.,6
Q0192,critical_thinking,case_study,medium,Your project is behind schedule. How do you handle it?,,,subjective,Responses should reflect logical problem-solving and empathy.,6
Q0193,pattern_recognition,visual_sequence,hard,Select the correct rotated version.,https://example.com/images/pattern_recognition_193.png,"[""Left"", ""Right"", ""Upside-down"", ""Original""]",Right,Option Right fits the pattern rule.,10
Q0194,critical_thinking,case_study,medium,Your project is behind schedule. How do you handle it?,,,subjective,Responses should reflect logical problem-solving and empathy.,6
Q0195,pattern_recognition,visual_sequence,medium,Choose the next shape in the pattern.,https://example.com/images/pattern_recognition_195.png,"[""Triangle"", ""Square"", ""Circle"", ""Star""]",Circle,Option Circle fits the pattern rule.,6
Q0196,critical_thinking,case_study,easy,A team member is disengaged. How do you respond?,,,subjective,Responses should reflect logical problem-solving and empathy.,4
Q0197,critical_thinking,case_study,hard,A team member is disengaged. How do you respond?,,,subjective,Responses should reflect logical problem-solving and empathy.,10
Q0198,pattern_recognition,visual_sequence,medium,Choose the next shape in the pattern.,https://example.com/images/pattern_recognition_198.png,"[""Triangle"", ""Square"", ""Circle"", ""Star""]",Circle,Option Circle fits the pattern rule.,6
Q0199,data_interpretation,quiz,hard,Which region shows the lowest performance?,https://example.com/images/data_interpretation_199.png,"[""North"", ""South"", ""East"", ""West""]",East,Option East is correct based on data interpretation.,10
Q0200,critical_thinking,case_study,hard,A client gives contradictory feedback. What do you do?,,,subjective,Responses should reflect logical problem-solving and empathy.,10
Q0201,pattern_recognition,visual_sequence,easy,Choose the next shape in the pattern.,https://example.com/images/pattern_recognition_201.png,"[""Triangle"", ""Square"", ""Circle"", ""Star""]",Circle,Option Circle fits the pattern rule.,4
Q0202,critical_thinking,case_study,hard,Your project is behind schedule. How do you handle it?,,,subjective,Responses should reflect logical problem-solving and empathy.,10
Q0203,data_interpretation,quiz,easy,What is the average value in the data set?,https://example.com/images/data_interpretation_203.png,"[""100"", ""150"", ""200"", ""250""]",200,Option 200 is correct based on data interpretation.,4
Q0204,pattern_recognition,visual_sequence,medium,Select the correct rotated version.,https://example.com/images/pattern_recognition_204.png,"[""Left"", ""Right"", ""Upside-down"", ""Original""]",Right,Option Right fits the pattern rule.,6
Q0205,pattern_recognition,visual_sequence,medium,Select the correct rotated version.,https://example.com/images/pattern_recognition_205.png,"[""Left"", ""Right"", ""Upside-down"", ""Original""]",Right,Option Right fits the pattern rule.,6
Q0206,data_interpretation,quiz,medium,What is the average value in the data set?,https://example.com/images/data_interpretation_206.png,"[""100"", ""150"", ""200"", ""250""]",200,Option 200 is correct based on data interpretation.,6
Q0207,pattern_recognition,visual_sequence,easy,Choose the next shape in the pattern.,https://example.com/images/pattern_recognition_207.png,"[""Triangle"", ""Square"", ""Circle"", ""Star""]",Circle,Option Circle fits the pattern rule.,4
Q0208,critical_thinking,case_study,medium,Your project is behind schedule. How do you handle it?,,,subjective,Responses should reflect logical problem-solving and empathy.,6
Q0209,data_interpretation,quiz,medium,What is the average value in the data set?,https://example.com/images/data_interpretation_209.png,"[""100"", ""150"", ""200"", ""250""]",200,Option 200 is correct based on data interpretation.,6
Q0210,pattern_recognition,visual_sequence,medium,What image completes the sequence?,https://example.com/images/pattern_recognition_210.png,"[""A"", ""B"", ""C"", ""D""]",C,Option C fits the pattern rule.,6
Q0211,pattern_recognition,visual_sequence,easy,Choose the next shape in the pattern.,https://example.com/images/pattern_recognition_211.png,"[""Triangle"", ""Square"", ""Circle"", ""Star""]",Circle,Option Circle fits the pattern rule.,4
Q0212,pattern_recognition,visual_sequence,medium,Choose the next shape in the pattern.,https://example.com/images/pattern_recognition_212.png,"[""Triangle"", ""Square"", ""Circle"", ""Star""]",Circle,Option Circle fits the pattern rule.,6
Q0213,data_interpretation,quiz,hard,Which region shows the lowest performance?,https://example.com/images/data_interpretation_213.png,"[""North"", ""South"", ""East"", ""West""]",East,Option East is correct based on data interpretation.,10
Q0214,data_interpretation,quiz,medium,What is the average value in the data set?,https://example.com/images/data_interpretation_214.png,"[""100"", ""150"", ""200"", ""250""]",200,Option 200 is correct based on data interpretation.,6
Q0215,critical_thinking,case_study,hard,A client gives contradictory feedback. What do you do?,,,subjective,Responses should reflect logical problem-solving and empathy.,10
Q0216,pattern_recognition,visual_sequence,easy,Choose the next shape in the pattern.,https://example.com/images/pattern_recognition_216.png,"[""Triangle"", ""Square"", ""Circle"", ""Star""]",Circle,Option Circle fits the pattern rule.,4
Q0217,pattern_recognition,visual_sequence,medium,Choose the next shape in the pattern.,https://example.com/images/pattern_recognition_217.png,"[""Triangle"", ""Square"", ""Circle"", ""Star""]",Circle,Option Circle fits the pattern rule.,6
Q0218,critical_thinking,case_study,easy,A client gives contradictory feedback. What do you do?,,,subjective,Responses should reflect logical problem-solving and empathy.,4
Q0219,data_interpretation,quiz,medium,Which month had the highest sales?,https://example.com/images/data_interpretation_219.png,"[""Jan"", ""Feb"", ""Mar"", ""Apr""]",Mar,Option Mar is correct based on data interpretation.,6
Q0220,pattern_recognition,visual_sequence,hard,What image completes the sequence?,https://example.com/images/pattern_recognition_220.png,"[""A"", ""B"", ""C"", ""D""]",C,Option C fits the pattern rule.,10
Q0221,critical_thinking,case_study,medium,Your project is behind schedule. How do you handle it?,,,subjective,Responses should reflect logical problem-solving and empathy.,6
Q0222,critical_thinking,case_study,medium,Your project is behind schedule. How do you handle it?,,,subjective,Responses should reflect logical problem-solving and empathy.,6
Q0223,data_interpretation,quiz,medium,Which region shows the lowest performance?,https://example.com/images/data_interpretation_223.png,"[""North"", ""South"", ""East"", ""West""]",East,Option East is correct based on data interpretation.,6
Q0224,critical_thinking,case_study,easy,A team member is disengaged. How do you respond?,,,subjective,Responses should reflect logical problem-solving and empathy.,4
Q0225,critical_thinking,case_study,easy,A client gives contradictory feedback. What do you do?,,,subjective,Responses should reflect logical problem-solving and empathy.,4
Q0226,data_interpretation,quiz,medium,Which month had the highest sales?,https://example.com/images/data_interpretation_226.png,"[""Jan"", ""Feb"", ""Mar"", ""Apr""]",Mar,Option Mar is correct based on data interpretation.,6
Q0227,pattern_recognition,visual_sequence,medium,Select the correct rotated version.,https://example.com/images/pattern_recognition_227.png,"[""Left"", ""Right"", ""Upside-down"", ""Original""]",Right,Option Right fits the pattern rule.,6
Q0228,critical_thinking,case_study,medium,A client gives contradictory feedback. What do you do?,,,subjective,Responses should reflect logical problem-solving and empathy.,6
Q0229,data_interpretation,quiz,easy,What is the average value in the data set?,https://example.com/images/data_interpretation_229.png,"[""100"", ""150"", ""200"", ""250""]",200,Option 200 is correct based on data interpretation.,4
Q0230,critical_thinking,case_study,hard,Your project is behind schedule. How do you handle it?,,,subjective,Responses should reflect logical problem-solving and empathy.,10
Q0231,pattern_recognition,visual_sequence,hard,Choose the next shape in the pattern.,https://example.com/images/pattern_recognition_231.png,"[""Triangle"", ""Square"", ""Circle"", ""Star""]",Circle,Option Circle fits the pattern rule.,10
Q0232,pattern_recognition,visual_sequence,hard,Choose the next shape in the pattern.,https://example.com/images/pattern_recognition_232.png,"[""Triangle"", ""Square"", ""Circle"", ""Star""]",Circle,Option Circle fits the pattern rule.,10
Q0233,data_interpretation,quiz,hard,Which month had the highest sales?,https://example.com/images/data_interpretation_233.png,"[""Jan"", ""Feb"", ""Mar"", ""Apr""]",Mar,Option Mar is correct based on data interpretation.,10
Q0234,critical_thinking,case_study,medium,A team member is disengaged. How do you respond?,,,subjective,Responses should reflect logical problem-solving and empathy.,6
Q0235,pattern_recognition,visual_sequence,hard,Select the correct rotated version.,https://example.com/images/pattern_recognition_235.png,"[""Left"", ""Right"", ""Upside-down"", ""Original""]",Right,Option Right fits the pattern rule.,10
Q0236,critical_thinking,case_study,medium,Your project is behind schedule. How do you handle it?,,,subjective,Responses should reflect logical problem-solving and empathy.,6
Q0237,data_interpretation,quiz,easy,What is the average value in the data set?,https://example.com/images/data_interpretation_237.png,"[""100"", ""150"", ""200"", ""250""]",200,Option 200 is correct based on data interpretation.,4
Q0238,pattern_recognition,visual_sequence,hard,Select the correct rotated version.,https://example.com/images/pattern_recognition_238.png,"[""Left"", ""Right"", ""Upside-down"", ""Original""]",Right,Option Right fits the pattern rule.,10
Q0239,data_interpretation,quiz,medium,What is the average value in the data set?,https://example.com/images/data_interpretation_239.png,"[""100"", ""150"", ""200"", ""250""]",200,Option 200 is correct based on data interpretation.,6
Q0240,pattern_recognition,visual_sequence,easy,What image completes the sequence?,https://example.com/images/pattern_recognition_240.png,"[""A"", ""B"", ""C"", ""D""]",C,Option C fits the pattern rule.,4
Q0241,data_interpretation,quiz,hard,Which month had the highest sales?,https://example.com/images/data_interpretation_241.png,"[""Jan"", ""Feb"", ""Mar"", ""Apr""]",Mar,Option Mar is correct based on data interpretation.,10
Q0242,data_interpretation,quiz,easy,Which region shows the lowest performance?,https://example.com/images/data_interpretation_242.png,"[""North"", ""South"", ""East"", ""West""]",East,Option East is correct based on data interpretation.,4
Q0243,pattern_recognition,visual_sequence,medium,What image completes the sequence?,https://example.com/images/pattern_recognition_243.png,"[""A"", ""B"", ""C"", ""D""]",C,Option C fits the pattern rule.,6
Q0244,data_interpretation,quiz,hard,What is the average value in the data set?,https://example.com/images/data_interpretation_244.png,"[""100"", ""150"", ""200"", ""250""]",200,Option 200 is correct based on data interpretation.,10
Q0245,data_interpretation,quiz,hard,Which month had the highest sales?,https://example.com/images/data_interpretation_245.png,"[""Jan"", ""Feb"", ""Mar"", ""Apr""]",Mar,Option Mar is correct based on data interpretation.,10
Q0246,data_interpretation,quiz,hard,Which region shows the lowest performance?,https://example.com/images/data_interpretation_246.png,"[""North"", ""South"", ""East"", ""West""]",East,Option East is correct based on data interpretation.,10
Q0247,data_interpretation,quiz,easy,Which region shows the lowest performance?,https://example.com/images/data_interpretation_247.png,"[""North"", ""South"", ""East"", ""West""]",East,Option East is correct based on data interpretation.,4
Q0248,critical_thinking,case_study,hard,Your project is behind schedule. How do you handle it?,,,subjective,Responses should reflect logical problem-solving and empathy.,10
Q0249,critical_thinking,case_study,medium,A client gives contradictory feedback. What do you do?,,,subjective,Responses should reflect logical problem-solving and empathy.,6
Q0250,data_interpretation,quiz,medium,Which region shows the lowest performance?,https://example.com/images/data_interpretation_250.png,"[""North"", ""South"", ""East"", ""West""]",East,Option East is correct based on data interpretation.,6
Q0251,pattern_recognition,visual_sequence,hard,What image completes the sequence?,https://example.com/images/pattern_recognition_251.png,"[""A"", ""B"", ""C"", ""D""]",C,Option C fits the pattern rule.,10
Q0252,pattern_recognition,visual_sequence,medium,Choose the next shape in the pattern.,https://example.com/images/pattern_recognition_252.png,"[""Triangle"", ""Square"", ""Circle"", ""Star""]",Circle,Option Circle fits the pattern rule.,6
Q0253,pattern_recognition,visual_sequence,hard,What image completes the sequence?,https://example.com/images/pattern_recognition_253.png,"[""A"", ""B"", ""C"", ""D""]",C,Option C fits the pattern rule.,10
Q0254,critical_thinking,case_study,easy,A team member is disengaged. How do you respond?,,,subjective,Responses should reflect logical problem-solving and empathy.,4
Q0255,pattern_recognition,visual_sequence,medium,Choose the next shape in the pattern.,https://example.com/images/pattern_recognition_255.png,"[""Triangle"", ""Square"", ""Circle"", ""Star""]",Circle,Option Circle fits the pattern rule.,6
Q0256,pattern_recognition,visual_sequence,medium,Choose the next shape in the pattern.,https://example.com/images/pattern_recognition_256.png,"[""Triangle"", ""Square"", ""Circle"", ""Star""]",Circle,Option Circle fits the pattern rule.,6
Q0257,pattern_recognition,visual_sequence,easy,Select the correct rotated version.,https://example.com/images/pattern_recognition_257.png,"[""Left"", ""Right"", ""Upside-down"", ""Original""]",Right,Option Right fits the pattern rule.,4
Q0258,data_interpretation,quiz,hard,What is the average value in the data set?,https://example.com/images/data_interpretation_258.png,"[""100"", ""150"", ""200"", ""250""]",200,Option 200 is correct based on data interpretation.,10
Q0259,critical_thinking,case_study,medium,A client gives contradictory feedback. What do you do?,,,subjective,Responses should reflect logical problem-solving and empathy.,6
Q0260,pattern_recognition,visual_sequence,easy,Choose the next shape in the pattern.,https://example.com/images/pattern_recognition_260.png,"[""Triangle"", ""Square"", ""Circle"", ""Star""]",Circle,Option Circle fits the pattern rule.,4
Q0261,critical_thinking,case_study,easy,A client gives contradictory feedback. What do you do?,,,subjective,Responses should reflect logical problem-solving and empathy.,4
Q0262,data_interpretation,quiz,easy,What is the average value in the data set?,https://example.com/images/data_interpretation_262.png,"[""100"", ""150"", ""200"", ""250""]",200,Option 200 is correct based on data interpretation.,4
Q0263,critical_thinking,case_study,hard,A client gives contradictory feedback. What do you do?,,,subjective,Responses should reflect logical problem-solving and empathy.,10
Q0264,data_interpretation,quiz,medium,Which month had the highest sales?,https://example.com/images/data_interpretation_264.png,"[""Jan"", ""Feb"", ""Mar"", ""Apr""]",Mar,Option Mar is correct based on data interpretation.,6
Q0265,pattern_recognition,visual_sequence,easy,What image completes the sequence?,https://example.com/images/pattern_recognition_265.png,"[""A"", ""B"", ""C"", ""D""]",C,Option C fits the pattern rule.,4
Q0266,pattern_recognition,visual_sequence,medium,Choose the next shape in the pattern.,https://example.com/images/pattern_recognition_266.png,"[""Triangle"", ""Square"", ""Circle"", ""Star""]",Circle,Option Circle fits the pattern rule.,6
Q0267,data_interpretation,quiz,easy,Which month had the highest sales?,https://example.com/images/data_interpretation_267.png,"[""Jan"", ""Feb"", ""Mar"", ""Apr""]",Mar,Option Mar is correct based on data interpretation.,4
Q0268,critical_thinking,case_study,easy,A client gives contradictory feedback. What do you do?,,,subjective,Responses should reflect logical problem-solving and empathy.,4
Q0269,pattern_recognition,visual_sequence,medium,Choose the next shape in the pattern.,https://example.com/images/pattern_recognition_269.png,"[""Triangle"", ""Square"", ""Circle"", ""Star""]",Circle,Option Circle fits the pattern rule.,6
Q0270,data_interpretation,quiz,hard,Which region shows the lowest performance?,https://example.com/images/data_interpretation_270.png,"[""North"", ""South"", ""East"", ""West""]",East,Option East is correct based on data interpretation.,10
Q0271,pattern_recognition,visual_sequence,hard,What image completes the sequence?,https://example.com/images/pattern_recognition_271.png,"[""A"", ""B"", ""C"", ""D""]",C,Option C fits the pattern rule.,10
Q0272,pattern_recognition,visual_sequence,hard,Choose the next shape in the pattern.,https://example.com/images/pattern_recognition_272.png,"[""Triangle"", ""Square"", ""Circle"", ""Star""]",Circle,Option Circle fits the pattern rule.,10
Q0273,critical_thinking,case_study,easy,Your project is behind schedule. How do you handle it?,,,subjective,Responses should reflect logical problem-solving and empathy.,4
Q0274,pattern_recognition,visual_sequence,easy,What image completes the sequence?,https://example.com/images/pattern_recognition_274.png,"[""A"", ""B"", ""C"", ""D""]",C,Option C fits the pattern rule.,4
Q0275,data_interpretation,quiz,medium,Which month had the highest sales?,https://example.com/images/data_interpretation_275.png,"[""Jan"", ""Feb"", ""Mar"", ""Apr""]",Mar,Option Mar is correct based on data interpretation.,6
Q0276,pattern_recognition,visual_sequence,hard,Select the correct rotated version.,https://example.com/images/pattern_recognition_276.png,"[""Left"", ""Right"", ""Upside-down"", ""Original""]",Right,Option Right fits the pattern rule.,10
Q0277,data_interpretation,quiz,hard,What is the average value in the data set?,https://example.com/images/data_interpretation_277.png,"[""100"", ""150"", ""200"", ""250""]",200,Option 200 is correct based on data interpretation.,10
Q0278,data_interpretation,quiz,hard,Which month had the highest sales?,https://example.com/images/data_interpretation_278.png,"[""Jan"", ""Feb"", ""Mar"", ""Apr""]",Mar,Option Mar is correct based on data interpretation.,10
Q0279,critical_thinking,case_study,hard,A client gives contradictory feedback. What do you do?,,,subjective,Responses should reflect logical problem-solving and empathy.,10
Q0280,critical_thinking,case_study,easy,A client gives contradictory feedback. What do you do?,,,subjective,Responses should reflect logical problem-solving and empathy.,4
Q0281,pattern_recognition,visual_sequence,hard,Choose the next shape in the pattern.,https://example.com/images/pattern_recognition_281.png,"[""Triangle"", ""Square"", ""Circle"", ""Star""]",Circle,Option Circle fits the pattern rule.,10
Q0282,critical_thinking,case_study,easy,Your project is behind schedule. How do you handle it?,,,subjective,Responses should reflect logical problem-solving and empathy.,4
Q0283,critical_thinking,case_study,medium,A client gives contradictory feedback. What do you do?,,,subjective,Responses should reflect logical problem-solving and empathy.,6
Q0284,critical_thinking,case_study,medium,A team member is disengaged. How do you respond?,,,subjective,Responses should reflect logical problem-solving and empathy.,6
Q0285,critical_thinking,case_study,medium,Your project is behind schedule. How do you handle it?,,,subjective,Responses should reflect logical problem-solving and empathy.,6
Q0286,pattern_recognition,visual_sequence,hard,Select the correct rotated version.,https://example.com/images/pattern_recognition_286.png,"[""Left"", ""Right"", ""Upside-down"", ""Original""]",Right,Option Right fits the pattern rule.,10
Q0287,data_interpretation,quiz,easy,What is the average value in the data set?,https://example.com/images/data_interpretation_287.png,"[""100"", ""150"", ""200"", ""250""]",200,Option 200 is correct based on data interpretation.,4
Q0288,critical_thinking,case_study,easy,Your project is behind schedule. How do you handle it?,,,subjective,Responses should reflect logical problem-solving and empathy.,4
Q0289,critical_thinking,case_study,medium,Your project is behind schedule. How do you handle it?,,,subjective,Responses should reflect logical problem-solving and empathy.,6
Q0290,critical_thinking,case_study,hard,Your project is behind schedule. How do you handle it?,,,subjective,Responses should reflect logical problem-solving and empathy.,10
Q0291,data_interpretation,quiz,easy,What is the average value in the data set?,https://example.com/images/data_interpretation_291.png,"[""100"", ""150"", ""200"", ""250""]",200,Option 200 is correct based on data interpretation.,4
Q0292,pattern_recognition,visual_sequence,easy,Choose the next shape in the pattern.,https://example.com/images/pattern_recognition_292.png,"[""Triangle"", ""Square"", ""Circle"", ""Star""]",Circle,Option Circle fits the pattern rule.,4
Q0293,data_interpretation,quiz,easy,Which region shows the lowest performance?,https://example.com/images/data_interpretation_293.png,"[""North"", ""South"", ""East"", ""West""]",East,Option East is correct based on data interpretation.,4
Q0294,pattern_recognition,visual_sequence,easy,What image completes the sequence?,https://example.com/images/pattern_recognition_294.png,"[""A"", ""B"", ""C"", ""D""]",C,Option C fits the pattern rule.,4
Q0295,critical_thinking,case_study,hard,A team member is disengaged. How do you respond?,,,subjective,Responses should reflect logical problem-solving and empathy.,10
Q0296,data_interpretation,quiz,medium,Which month had the highest sales?,https://example.com/images/data_interpretation_296.png,"[""Jan"", ""Feb"", ""Mar"", ""Apr""]",Mar,Option Mar is correct based on data interpretation.,6
Q0297,critical_thinking,case_study,easy,A client gives contradictory feedback. What do you do?,,,subjective,Responses should reflect logical problem-solving and empathy.,4
Q0298,pattern_recognition,visual_sequence,medium,What image completes the sequence?,https://example.com/images/pattern_recognition_298.png,"[""A"", ""B"", ""C"", ""D""]",C,Option C fits the pattern rule.,6
Q0299,data_interpretation,quiz,hard,Which month had the highest sales?,https://example.com/images/data_interpretation_299.png,"[""Jan"", ""Feb"", ""Mar"", ""Apr""]",Mar,Option Mar is correct based on data interpretation.,10
Q0300,critical_thinking,case_study,hard,Your project is behind schedule. How do you handle it?,,,subjective,Responses should reflect logical problem-solving and empathy.,10
